"Title","Mar 2016","Mar 2017","Mar 2018","Mar 2019","Mar 2020","Mar 2021","Mar 2022","Mar 2023","Mar 2024","Mar 2025"
"SA/CON","CON","CON","CON","CON","CON","CON","CON","CON","CON","CON"
"Revenue From Operations(Gross)","4656.4","4377.7","5472.4","7152.3","7723.2","8499.8","13063.3","16166","18118.8","20689.5"
"Sale of Products","4545.9","4258.8","5293.7","6894.6","7426.5","8214.9","12625.2","15674.4","17506.9","19996.3"
"Manufactured / Finished Goods","3746.1","0","0","0","0","0","0","0","0","0"
"Traded Goods","799.8","0","0","0","0","0","0","0","0","0"
"Other","0","4258.8","5293.7","6894.6","7426.5","8214.9","12625.2","15674.4","18190.7","21440.4"
"Less: Claims, Discounts, Taxes etc.","0","0","0","0","0","0","0","0","683.8","1444.1"
"Trade Discount, Rebate and Other Allowance","0","0","0","0","0","0","0","0","683.8","1444.1"
"Income From Insurance Operations","0","0","0","0","0","0","0","0","0","0"
"Other operating revenues","110.5","118.8","178.6","257.7","296.7","284.9","438.2","491.6","611.9","693.3"
"Job Works","0.4","1","0.2","0","0.1","0","0.1","0","0.1","0"
"Sale of Scrap","105.5","111.2","172.3","249.9","284.7","278.7","431.3","489.7","561.3","667.1"
"Export Incentives and Claims","0","5.2","5.4","7.8","11.9","6.2","6.8","1.9","2.5","0.5"
"Duty Drawback Received","4.6","0","0","0","0","0","0","0","0","0"
"Other Commission Income","0","1.5","0.8","0","0","0","0","0","0","0"
"Government Grant / Subsidy Income","0","0","0","0","0","0","0","0","48","25.6"
"Reported Sales","4213.6","3923.9","5334.8","7152.3","7723.2","8499.8","13063.3","16166","18118.8","20689.5"
"Less: Excise Duty","442.8","453.8","137.6","0","0","0","0","0","0","0"
"Revenue From Operations(Net)","4213.6","3923.9","5334.8","7152.3","7723.2","8499.8","13063.3","16166","18118.8","20689.5"
"Other Income","10.3","6","8","11.7","22.2","35.9","40.5","47.2","74.9","96.1"
"Interest Income","2.6","0.9","2.4","2.9","8.4","20.7","15.7","22.4","44.3","53.4"
"From Bank Deposits","1.1","0.9","2.4","0.8","0.9","19.3","12.9","21.1","42.5","50.6"
"From Others","1.5","0","0","2.1","7.5","1.4","2.8","1.3","1.8","2.9"
"Dividend Income","0","0","0","0","0","0","0","0","0","0"
"Profit on Sale of Investments","0.1","0","0","0","0","0","0","0","0","0"
"From Long Term Investments","0.1","0","0","0","0","0","0","0","0","0"
"Profit on sale/discard of Fixed Assets","0.3","1","0","0.1","1.7","0","0","0","5.5","22"
"Net Gain / Loss on Foreign currency transaction","0","0","0","0","3.9","1.9","14","11.3","10.7","6.1"
"Liabilities no longer required written back","0.8","0","0","0","0","0","0","0","0","0"
"Provisions Written Back","0.6","0","0","0","0","1.3","0.3","0","0","0"
"Income from Investment Activities","0","0","0","0.1","0.9","1.1","0.3","0","0","0"
"Sale of Licence","0.9","0","0","0","0","0","0","0","0","0"
"Other Non Operating Income","5","4.1","5.6","8.7","7.4","11","10.2","13.5","14.3","14.6"
"Total Revenue","4223.9","3929.9","5342.8","7164","7745.4","8535.7","13103.8","16213.1","18193.7","20785.6"
"Cost of Materials Consumed","2811.4","3158","4568.2","6288.8","6595.4","7159.6","10909.6","14322.6","15368.9","16567"
"Raw Materials","2811.4","3158","4568.2","6288.8","6595.4","7159.6","10909.6","14322.6","15368.9","16567"
"Opening Stock","115.9","364.7","255","301.4","422.1","247.9","163.5","312.5","346.5","483.4"
"Add: Purchases of Raw Material","3060.2","3048.3","4614.6","6386","6421.3","7075.1","11060","14356.9","15505.7","16633.2"
"Less: Closing Stock","364.7","255","301.4","398.6","247.9","163.5","313.9","346.9","483.4","549.6"
"Packing Materials","0","0","0","0","0","0","0","0","0","0"
"Other Materials","0","0","0","0","0","0","0","0","0","0"
"Purchases of Stock-in-Trade","764.3","62.1","56.2","107.2","116.6","67.5","250.5","286.9","257","1225.7"
"Purchase of Stock in Trade","764.3","62.1","56.2","107.2","116.6","67.5","250.5","286.9","257","1225.7"
"Changes in Inventories of Finished Goods, Work-in-Progress and Stock-in-Trade","-21.1","12.3","-76.1","-88.3","-135.7","-62.3","63","-582.4","-8.7","77.5"
"Opening Stock","192.1","213.2","200.9","277","356.1","505.3","567.6","504.6","1087","1095.7"
"Finished Goods","185.9","208.8","198.1","269.6","343.1","361.4","371.8","313.3","670.5","661.1"
"Work-in-Progress","0","0","0","0","13","134.2","172.6","172.5","375.6","293.4"
"Stock-in-Trade","0","0","0","0","0","0","4.2","5.5","4.7","77.5"
"Scraps","6.1","4.4","2.8","7.3","0","9.7","19","13.3","36.3","63.7"
"Less: Closing Stock","213.2","200.9","277","365.3","496.1","567.6","504.6","1087","1095.7","1018.2"
"Finished Goods","208.8","198.1","269.6","343.1","361.4","371.8","313.3","670.5","661.1","630.1"
"Work-in-Progress","0","0","0","13","134.2","172.6","172.5","375.6","293.4","314.2"
"Stock-in-Trade","0","0","0","0","0","4.2","5.5","4.7","77.5","36.4"
"Scraps","4.4","2.8","7.3","9.2","0.5","19","13.3","36.3","63.7","37.5"
"Trial Production / Other Adjustments","0","0","0","0","4.3","0","0","0","0","0"
"Employee Benefits Expenses","62.9","75.4","86.2","107.9","142.2","129.6","153","206.2","257.6","332.5"
"Salaries and incentives","56.1","65.4","75.7","96.6","128.1","116.4","139.8","189.8","237.4","292.5"
"Contributions to Provident and other fund","2.7","3.2","2.7","3","4.7","5","5.6","8","9.6","11.3"
"Gratuity fund contributions","2.4","1.3","1.5","1.7","2.7","2.8","3.1","3.7","4.5","5.5"
"Expenses on ESOP and ESPP","0","3.8","3.7","3.6","3.7","3.3","1.7","0.3","0.1","14.4"
"Staff welfare expenses","1.6","1.6","2.6","3.1","3","2.3","2.9","4.5","6","8.9"
"Floating Staff","","","","","","","","","",""
"Finance Costs","69.5","72","81.3","113.4","107.3","66.1","44.5","67.1","113.4","133.3"
"Interest Expenses on:","62.5","67.4","76.6","109.8","101.2","59","38.6","60.8","103.9","119.1"
"Bonds and Debentures","4.4","8.7","15.9","28","16.1","0","0","0","15.4","1"
"Working Capital Loans","38.6","47.1","52.7","73.5","52","27","27.3","31.4","46.5","66.3"
"Term Loans","19.5","11.7","6.5","6.6","32.9","30","11.3","29.3","41.5","50.4"
"Other Loans","0","0","0","0","0","0","0","0","0","0"
"Other Borrowings","0","0","0","0","0","0","0","0","0","0"
"Taxes","0","0","1.5","1.7","0.2","1.9","0","0.1","0","0"
"Other Interest","0","0","0","0","0","0.1","0","0","0.5","1.5"
"Other borrowing costs","7.1","5.1","5.9","3.6","6.1","7.1","5.9","6.3","9.5","14.2"
"Less: Interest Capitalised","0","0.5","1.2","0","0","0","0","0","0","0"
"Depreciation and Amortization Expenses","34.1","50.9","53.4","64.3","95.9","102.8","109","138.3","175.9","201.3"
"Depreciation & Amortisation","34.1","50.9","53.4","64.3","95.9","102.8","109","138.3","175.9","201.3"
"Depreciation","34.1","50.3","52.7","63.5","93","99.4","106.1","136","173.3","197.5"
"Amortization","0","0.6","0.8","0.8","2.9","3.3","2.9","2.4","2.7","3.9"
"Other Expenses","314.5","283.2","329.2","343.9","527.4","526.6","741.9","911.2","1051.8","1287.8"
"Manufacturing expenses","95.1","111.6","115.2","136.2","185.8","193.2","258.5","337.2","404.9","506.9"
"Consumption of stores and spare parts","40.2","45.8","42.3","50.3","73.8","81.5","89.5","105.8","128.2","153.7"
"Power, Fuel & Water Charges","52.8","58.8","66.4","78.1","103.8","102.7","155.8","217.4","257","320.3"
"Power, Oil & Fuel","52.8","58.8","66.4","78.1","103.8","102.7","155.8","217.4","257","320.3"
"Repairs to Building","0.5","1.1","0.5","0.4","0.4","0.4","1","0.9","0.6","0.6"
"Repairs to Machinery","2.7","3.5","2.8","4.6","5.6","6.2","9.5","10.3","14.1","18.7"
"Repairs to Other Assets","0.5","0.4","0.5","0.7","1.5","2.5","2.6","2.8","2.2","3"
"Increase/Decrease in Excise Duty and Cess on Finished Goods","-3.8","0","0","0","0","0","0","0","0","0"
"Jobwork Charges","1.2","1.9","2.7","2.1","0.6","0.1","0.1","0","2.8","10.7"
"Cost of Insurance Operations :","0","0","0","0","0","0","0","0","0","0"
"Other Manufacturing Expenses","1.2","0","0","0","0","0","0","0","0","0"
"Selling and Administration Expenses","203.5","153.8","184.5","198.6","329","313.3","462","540.3","603.3","727.1"
"Freight Outwards","108.7","125.3","154","161.3","250.4","268.7","396.1","474.2","508.8","649.4"
"Travelling Expenses","3.1","4.2","5.5","8","7.6","3.1","7.1","12.5","17.3","12.6"
"Brokerage & Commission on Sales","7.2","0","0","0","0","0","0","0","0","0"
"Advertisement","0","7.2","9.3","9","49.7","23.5","34.8","28.8","44.9","30.8"
"Other Discount and Rebate","59.8","0","0","0","0","0","0","0","0","0"
"Other Sales Promotion Expenses","13","0","0","0","0","0","0","0","0","0"
"Rent","4.1","5.7","6.3","8.7","4.9","4.5","4.4","4.8","4.6","4.4"
"Insurance","0.5","0","0","1.1","1.4","1.9","1.8","2.7","2.7","3.8"
"Rates & Taxes","2.2","5.7","2.2","1.7","4.4","2.8","4.7","2.7","6.9","5.1"
"Payment to Auditors","1","1.1","1.5","1.7","1.8","1.3","1.6","0","2.2","2.3"
"(a) as auditor","0.8","1","1.2","1.2","1.5","1.2","1.5","0","2.1","2.1"
"(b) for taxation matters","0","0.1","0.2","0","0","0","0","0","0","0"
"(e) for other services","0.2","0.1","0.1","0.3","0.2","0","0","0","0","0"
"(f) for reimbursement of expenses","0","0.1","0","0.1","0.1","0","0","0","0.1","0.1"
"Legal Expenses","2","3.1","4.3","5.3","6.3","4.6","8.4","10.9","11.1","12.8"
"Vehicles Repairs and Maintenance","0.8","0","0","0","0","0","0","0","0","0"
"Security Charges","1.2","1.5","1.4","1.9","2.6","3","3.2","3.7","4.8","6.1"
"Miscellaneous Expenditure","15.9","17.8","29.6","9.2","12.6","20.1","21.4","33.7","43.6","53.8"
"Donations & Charity","0","0","0","0","0","0","0","0","0","0"
"Loss on Sale of Assets","0","1","0.1","0","0.2","0","0.4","0.9","0.7","0.5"
"Loss on Sale of Investments","0.6","0","0","0","0","0","0","0","0","0"
"Loss on revaluation of investments","0","3.7","14.1","6.6","0","0","0","1","1.3","1.7"
"Loss on forex transactions","5.1","0","6.4","-4.2","0","0","0","0","0","0"
"Bad Debts written off","0","0","0.4","0.2","0","0","0.3","0","0","0.2"
"Expenses Ammortised","2.9","0","0","0","0","0","0","0","0","0"
"Provision for doubtful loan/ Deposit/ Advances","0","1.2","1.6","0.6","2.4","1","0.3","0.9","0.9","3.5"
"Other provisions and write offs","2.4","0.9","0.9","0","0","0","0","0","0","0"
"Provision for Stocks / Inventories Obsolescence","0","0","0.1","0.2","0.2","1","1.4","1.3","1.4","2.3"
"Assets Written Off","0.4","0","0","0","0","0","0","0","0","0"
"Other Miscellaneous Expenses","4.6","9.8","5.8","5.2","9.7","12.7","11.9","18.3","25.7","27.8"
"Total Expenses","4035.6","3713.9","5098.4","6937.1","7449.1","7989.9","12271.5","15349.8","17216","19825.2"
"Profit before Exceptional and Extraordinary Items and Tax","188.3","216","244.3","226.9","296.3","545.8","832.3","863.3","977.7","960.4"
"Exceptional Items","-25.3","0","0","0","0","0","0","0","0","0"
"Net Profit/Loss on sale of Non Current Investments","0","0","0","0","0","0","0","0","0","0"
"Net Profit/Loss on Sale of Fixed Assets","0","0","0","0","0","0","0","0","0","0"
"Provision for Diminution in Value of Investments","0","0","0","0","0","0","0","0","0","0"
"Reversal of Provision for Diminution in Value of Investments","0","0","0","0","0","0","0","0","0","0"
"Other Exceptional Items","-25.3","0","0","0","0","0","0","0","0","0"
"Expenditure","-25.3","0","0","0","0","0","0","0","0","0"
"Profit before Extraordinary Items and Tax","163","216","244.3","226.9","296.3","545.8","832.3","863.3","977.7","960.4"
"Extraordinary Items","0","0","0","0","0","0","0","0","0","0"
"Net Profit/Loss on sale of Non Current Investments","0","0","0","0","0","0","0","0","0","0"
"Net Profit/Loss on Sale of Fixed Assets","0","0","0","0","0","0","0","0","0","0"
"Provision for Diminution in Value of Investments","0","0","0","0","0","0","0","0","0","0"
"Reversal of Provision for Diminution in Value of Investments","0","0","0","0","0","0","0","0","0","0"
"Other Extraordinary Items","0","0","0","0","0","0","0","0","0","0"
"Profit before Tax","163","216","244.3","226.9","296.3","545.8","832.3","863.3","977.7","960.4"
"Tax Expenses","62.4","63.9","86.2","78.7","40.3","138.1","213.3","221.5","245.3","203.4"
"(1) Current Tax","49.7","65.6","71.1","64.8","66.9","128.7","206.6","218.4","239.3","190.7"
"(2) Deferred Tax","11.4","-3","15.1","13.8","-25.3","8.8","6.7","3.1","7.1","28.7"
"(3) Other Tax Adjustments","1.3","1.3","0","0.1","-1.3","0.5","0","0","-1.1","-15.9"
"Prior Year Tax","1.3","1.3","0","0.1","-1.3","0.5","0","0","-1.1","-15.9"
"Profit after Tax before Share of Profit/Loss in Associate Company and Minority interests","100.6","152.1","158.1","148.3","256","407.7","619","641.9","732.4","757.1"
"Minority Interest","0","0","0","0","-18","-47.5","0","0","0","0"
"Profit/(Loss) for the period from Continuing Operations","100.6","152.1","158.1","148.3","238","360.2","619","641.9","732.4","757.1"
"Profit/(Loss) for the period","100.6","152.1","158.1","148.3","238","360.2","619","641.9","732.4","757.1"
"Basic EPS","42.9","64.7","66.8","62.5","19.4","14.5","24.8","23.2","26.4","27.3"
"Diluted EPS","41.6","63.3","65.6","61.8","19.3","14.4","22.3","23.1","26.4","27.3"
"Book Value","242.1","298.2","353.1","404.2","545.3","135.7","98.2","108.4","129.9","151.7"
"Contingent Liabilities & Commitments","190.1","261.7","85.8","38.7","227.3","458.6","295.9","228.5","1084","942"
"Contingent Liabilities","44.7","162.6","43.3","38.7","31.1","34.4","29.7","27.2","1010.8","648.4"
"Claims against the company not acknowledged as debt","44.7","0","0","0","0","0","0","0","0","0"
"Sales Tax Disputed","18.4","133.8","11.2","13.9","10.8","10.8","9.5","4.3","11.7","0.9"
"Income Tax Disputed","0","1.4","3.7","3.7","2.4","5.7","2.3","5.7","7.3","5.5"
"Excise Disputed","26.2","26.4","27.4","19.8","17","17","17","16.2","33.4","66.2"
"Others Disputed","0.2","1","1","1.3","0.9","0.9","0.9","0.9","0","0"
"Guarantees","0","0","0","0","0","0","0","0","958.4","575.7"
"Corporate Guarantees","0","0","0","0","0","0","0","0","958.4","575.7"
"Commitments","145.4","99.1","42.5","0","196.2","424.3","266.2","201.3","73.3","293.6"
"(a) Estimated amount of contracts remaining to be executed on capital","145.4","99.1","42.5","0","196.2","424.3","266.2","201.3","73.3","293.6"
"Dividend (%)","100","120","140","140","0","0","175","250","275","287.5"
"Dividend Per Share","10","12","14","14","0","0","3.5","5","5.5","5.8"