"Title","Sep 2018","Mar 2019","Sep 2019","Mar 2020","Sep 2020","Mar 2021","Sep 2021","Mar 2022","Sep 2022","Mar 2023","Sep 2023","Mar 2024","Sep 2024","Mar 2025","Sep 2025","Mar 2026"
"SA/CON","SA","CON","SA","CON","CON","CON","CON","CON","CON","CON","CON","CON","CON","CON","CON","CON"
"Net Profit before Tax & Extraordinary Items","24.3","51.9","22.3","48.7","25.2","70.9","39.9","80.6","60.1","128.1","79.8","164.3","84.7","164.9","92.1","203.3"
"Total Adjustments (PBT & Extraordinary Items)","12.1","25.9","12.1","29","11.5","29.4","12.5","24.3","13.5","22.9","9.5","20.4","9.1","22.7","18.6","19.8"
"Depreciation","7.4","18.2","8.3","21","10.9","23.2","11.6","23.3","11.8","20","10.4","22.3","11.6","23.9","9.8","20.7"
"Interest (Net)","4.7","7.4","3.9","9.1","1.9","5.8","0.8","7.4","1.7","3","-0.7","-3","-2.4","-0.8","8.8","2.3"
"P/L on Sales of Assets","0.1","0.2","0","0","-0.1","-0.1","0","0.1","0","0","0","0","0","-0.4","-0.1","-3.1"
"P/L on Sales of Invest","0","0","0","0","0","0","0","0","0","0","0","1.1","0","0","0","0"
"P/L in Forex","0","0","0","-1.1","-1.2","0.5","0","0","0","0","0","0","0","0","0","0"
"Others","0","0","0","0","0","0","0","-6.4","0","0","-0.1","0","0","0","0","0"
"Op. Profit before Working Capital Changes","36.4","77.7","34.5","77.7","36.6","100.3","52.4","104.8","73.6","151","89.3","184.7","93.8","187.6","110.6","223.1"
"Total (OP before Working Capital Changes)","-17.9","-40.7","-6.7","5.5","4.7","-1.7","-34.4","-70.8","-62.5","-59.1","10.9","-27","-26.2","-36.2","-9","6.5"
"Trade & Other receivables","-10.4","-23.1","-4.8","-7.2","2.4","-13.7","-6.8","-20.1","-33.9","-7.1","-4.1","-36.2","-15.8","-42.8","-7.7","-4.5"
"Inventories","2.8","-5.3","4.2","-0.5","14.7","-5.1","-34.7","-61","-30.3","-26.9","12.3","14.7","-26.2","-40.1","-9.2","-33.2"
"Trade Payables","-10.3","-12.3","-6","13.2","-12.4","17.1","7","10.4","1.6","-25.1","2.6","-5.5","15.8","8.6","24.4","35.6"
"Others","0","0","0","0","0","0","0","0","0","0","0","0","0","38.1","-16.5","8.6"
"Cash Generated from/(used in) Operations","18.5","37","27.8","83.2","41.3","98.6","18","34","11.1","91.9","100.2","157.7","67.6","151.5","101.7","229.6"
"Total-others","-3.3","-8.5","-12.3","-17.4","-8.5","-17.2","-10.1","-23.4","-8.6","-25.7","-15","-44.8","-18.2","-44","-26.4","-52.2"
"Direct Taxes Paid","-3.3","-8.5","-12.3","-17.4","-8.5","-17.2","-10.1","-19.1","-8.6","-25.7","-15","-40.6","-18.2","-44","-26.4","-52.2"
"Others","0","0","0","0","0","0","0","-4.2","0","0","0","-4.2","0","0","0","0"
"Cash Flow before Extraordinary Items","15.2","28.5","15.5","65.9","32.9","81.4","7.9","10.6","2.5","66.2","85.1","112.9","49.4","107.4","75.3","177.4"
"Net Cash from Operating Activities+","15.2","28.5","15.5","65.9","32.9","81.4","7.9","10.6","2.5","66.2","85.1","112.9","49.4","107.4","75.3","177.4"
"Purchased of Fixed Assets","-19","-45.6","-15.9","-24.4","-4.7","-6.6","-8.4","-14.4","-18.2","-26.1","-7.8","-19.4","-20.4","-107.9","-108.4","-191.9"
"Sale of Fixed Assets","0","0.4","0","0.1","0.6","0.8","0","0.7","0","0.2","0.2","5.1","0","0.8","0.2","12.3"
"Purchase of Investments","0","0","-0.3","0","0","0","0","0","0","0","0","0","0","-24","0","-0.1"
"Sale of Investments","0","0","0","33.8","0","0","0","0","0","0","0","0","0","0","18.8","22.4"
"Interest Received","0","0.2","0.1","0.2","0","0.2","0.2","0.4","0","0.4","1.2","3.8","3","4.7","0.5","1.2"
"Acquisition of Companies","0","0","0","-0.6","-0.4","-0.4","-0.2","0","0","0","0","0","0","0","0","0"
"Others","0","-7.5","5.1","9.9","0.3","0.5","-7.9","-16.3","3.8","13.2","8.2","-10.4","-38.2","0","0","0"
"Net Cash Used in Investing Activities+","-18.9","-52.5","-11","19.1","-4.1","-5.4","-16.4","-29.6","-14.3","-12.3","1.9","-20.9","-55.6","-126.4","-88.9","-156.1"
"Proceed from Other Long Term Borrowings","13.2","46.3","11.9","0","0","0","0","0","0","0","0","0","2.1","0","0","0"
"Proceed from Short Tem Borrowings","7.6","0","0","0","0","0","16","34.8","15.2","0","0","0","6.7","0","0","0"
"Of the Long Tem Borrowings","-11.7","-11.7","-11.5","-57.5","-7.5","-23.5","-6.9","-14.6","-7","-12.7","-5.4","-9.8","0","0","0","0"
"Of the short term Borrowings","0","-4.5","-1.3","-13.6","-15.2","-37.4","0","0","0","-19.8","-36.2","-36.1","0","0","0","0"
"Dividend Paid","0","0","0","0","0","0","-4.1","0","0","0","0","0","0","0","0","0"
"Net Cash Used in Financing Activities+","4.4","22.5","-4.9","-80.4","-24.7","-66.9","4","12.4","6.4","-35.8","-42.1","-46.8","8.3","-3.9","-9.4","-3.4"
"Net Inc/(Dec) in Cash and Cash Equivalent","0.7","-1.6","-0.5","4.5","4.1","9","-4.5","-6.5","-5.4","18.1","44.9","45.3","2","-22.8","-22.9","17.9"
"Cash and Cash Equivalents at Beginning of the year","0.3","3.2","1.6","1.6","6","6.1","15.1","15.1","8.7","8.7","26.7","26.7","72","73.5","50.7","50.7"
"Cash and Cash Equivalents at End of the year","1","1.6","1.1","6.1","10.1","15.1","10.6","8.7","3.3","26.7","71.6","72","74","50.7","27.8","68.6"
"Interest Paid","-4.7","-7.6","-4","-9.3","-2","-6","-1","-7.8","-1.7","-3.3","-0.5","-0.8","-0.5","-3.9","-9.4","-3.4"