Title,Jun-15,Dec-15,Mar-16,Sep-16,Mar-17,Sep-17,Mar-18,Sep-18,Mar-19,Sep-19,Mar-20,Sep-20,Mar-21,Sep-21,Mar-22,Sep-22,Mar-23,Sep-23,Mar-24,Sep-24,Mar-25,Sep-25,Mar-26
SA/CON,CON,CON,CON,CON,CON,CON,CON,CON,CON,CON,CON,CON,CON,CON,CON,CON,CON,CON,CON,CON,CON,CON,CON
Shareholders Fund,1211.5,1280,1315.7,1497.2,1695.7,1658.3,1894.9,2002,2154,2241.9,2261.2,2475.4,3169.2,3351.5,3844.4,3911.3,4402.1,4605.3,5108.8,5306,5660.4,5721.2,6169.1
Share Capital,25.4,25.4,25.4,25.4,25.4,25.4,25.4,25.4,25.4,25.4,25.4,25.4,25.4,25.4,25.4,25.4,25.4,25.4,25.4,25.4,25.4,25.4,25.4
Reserves & Surplus,1186.1,1254.6,1290.3,1471.8,1670.3,1632.9,1869.5,1976.6,2128.6,2216.5,2235.8,2450,3143.8,3326.1,3819,3885.9,4376.7,4579.9,5083.4,5280.6,5635,5695.8,6143.7
Total Non Current Liabilities,334,184.3,182.2,151.3,147,139,129,129.2,139.5,139.9,185.8,181.7,144.9,135.8,151.2,143.2,156.2,154,174.1,198,193.1,201.1,208.4
Long Term Borrowings,232.9,80.9,64.1,31.6,16.6,1.8,1.4,1.4,1.1,0.8,30.4,26,26.3,20.1,32.3,28.7,36.7,31.5,42.1,57.6,58.4,62.4,68.9
Deferred Tax Liabilities(Net),89.5,89.5,105.5,105.5,116.3,122,113.4,110.6,120.4,86.7,132.6,130.7,91.9,88.8,90.4,86.9,90.8,93.3,96,100.6,87.5,85.2,94.8
Other Long Term Liabilities,2.7,3.7,1,1.3,0.8,0.9,0.9,1.2,1.9,34.2,2.8,5.1,4.3,4.7,4,3.8,2.3,3.1,6.1,6.6,9.2,12.9,8.3
Long Term Provisions,8.8,10.1,11.5,12.9,13.3,14.2,13.3,16,16.2,18.1,20,20,22.4,22.2,24.4,23.8,26.4,26.1,29.8,33.2,38,40.7,36.3
Total Current Liabilities,811.6,949.9,927.2,1021.6,974.6,1054.8,912.3,1067.1,935.8,1041.2,1171.6,880.7,968.2,878.2,1000.4,1016.6,1135.9,1014.9,1272.8,1247.2,1314.3,1546.1,1417.5
Short Term Borrowings,95.9,187.7,163.8,382.1,214.9,397,231,233.9,160.9,301.4,410.1,36.8,11.4,11,13.4,13.4,14.5,12.3,12.9,16.8,17.4,259.7,21.9
Trade Payables,300.4,335.5,343.9,317.5,453.3,426.9,489.8,580.6,557.4,481.2,547.5,560.9,646.2,586,794,804.8,903.8,804.8,1015.6,1002.8,893.4,1035.4,1027.1
Other Current Liabilities,258.3,386.6,415.9,317.8,302.4,226.8,184.4,248.1,209.6,254.1,202.8,273.9,303.2,274.4,185.4,190.6,209.2,189.5,228,212.8,392.6,234.4,340
Short Term Provisions,156.9,40.2,3.5,4.2,4,4.2,7.1,4.4,7.8,4.5,11.3,9.2,7.4,6.8,7.6,7.8,8.5,8.4,16.2,14.8,10.9,16.6,28.4
TOTAL EQUITY & LIABILITIES,2357,2414.2,2425.1,2670.1,2817.4,2852.1,2936.1,3198.3,3229.3,3423,3618.5,3537.8,4282.3,4365.4,4995.9,5071.1,5694.2,5774.2,6555.7,6751.2,7167.8,7468.4,7794.9
Total Non Current Assets,1344.9,1433.3,1448.5,1501.8,1539.5,1585.9,1676,1757.3,1891.5,1998.6,2010.8,2029.7,2216.3,2292.4,2520.6,2663.8,2815.5,2880.9,3268.3,3582.5,4061.9,4527.2,4676
Fixed Assets(incl. Capital Work in Progress),1132.3,1208.1,1252.9,1264.8,1310,1354.7,1428.4,1495.4,1611,1674.9,1700.7,1699.3,1765.3,1807.7,1923.1,2015,2148,2178.3,2466.8,2603.9,3071.8,3524.3,3805.9
Tangible Assets,0,0,1170.7,1175.3,1254.1,1307.6,1347.3,1357.8,1501.4,1566.5,1591.7,1555.9,1703.3,1686.4,1760.8,1792.1,2058.8,2063.9,2264.9,2344.9,2618.6,2965.7,3600.2
Intangible Assets,0,0,13.9,11.4,9.2,6.6,6.1,15.2,19.6,18.6,16,13.5,11,8.7,6.4,4.5,5.5,3.5,56.8,53.4,50.2,78.4,73.3
Intangible Assets under Development/R&D,0,0,0,0,0.8,1.2,12.4,1.2,0,0,0,0,1.4,1.3,1.2,1.2,0,0,5.6,5.6,4.6,5.1,0.9
Capital Work in Progress,0,0,68.2,78.1,45.9,39.3,62.6,121.2,90,89.9,92.9,129.9,49.6,111.3,154.6,217.2,83.7,110.9,143.7,204.2,402.6,483.3,135.4
Goodwill on Consolidation,0,0,0,0,0,0,0,0,0,0,0,0,0,0,0,0,0,0,4.2,4.2,4.2,8.2,3.9
Non Current Investments,120.7,116.9,126.1,148.5,174.6,176.6,193.7,207.7,222.3,240.1,207.3,225.8,336.6,384.6,475.9,513.1,577.4,584.4,638.1,679,719.6,714.7,762.1
Long Term Loans & Advances,91.7,108.2,8.3,0,6.3,7.8,7.7,8.7,18,83.7,19.4,20.2,21.3,26.4,23.6,25.9,29.5,32.7,33.7,34.7,37,42.7,44.4
Other Non Current Assets,0.2,0.2,61.3,88.4,48.4,46.8,46.2,45.5,40.2,0,83.5,84.3,93.1,73.8,98.1,109.8,60.7,85.6,125.4,260.8,229.2,237.3,59.7
Total Current Assets,1012.1,980.9,976.6,1168.3,1277.9,1266.2,1260.2,1441,1337.8,1424.4,1607.7,1508.1,2066,2073,2475.3,2407.3,2878.7,2893.4,3287.4,3168.6,3105.9,2941.2,3118.9
Inventories,464.7,596.3,557.8,718.2,776.8,762.4,697,781.4,750.4,713.2,890.6,764.3,760.8,1155.9,1260.2,1246.8,1385.6,1450.4,1358.6,1663.8,1333.7,1711.8,1618.6
Trade Receivables,238,253.9,236.2,260.4,275.3,318.3,382,422.7,387.4,389.9,312.8,295.6,389.9,345.4,466.8,410,492.4,531,511.4,542.1,540.1,552.9,487.5
Cash & Cash Equivalents,181.8,26.2,28.9,17.6,79.8,38.3,36.3,43.6,37.3,124.1,231.4,282.7,768.4,338.5,526.2,500.8,746.1,590.9,1187.3,683.4,952.5,298.6,658.5
Short Term Loans & Advances,126.2,103.1,1.5,0,1.5,1,1.3,1.2,1.8,1.6,2,1.5,1.7,3.7,4,1.6,1.9,2.4,2.5,2.4,2.6,2.8,2.4
Other Current Assets,1.4,1.4,152.1,172.1,144.4,146.1,143.7,192,160.8,195.6,171,164,145.3,229.5,218.1,248,252.6,318.6,227.7,277,277.2,375.2,352
TOTAL ASSETS,2357,2414.2,2425.1,2670.1,2817.4,2852.1,2936.1,3198.3,3229.3,3423,3618.5,3537.8,4282.3,4365.4,4995.9,5071.1,5694.2,5774.2,6555.7,6751.2,7167.8,7468.4,7794.9
