Title,Jun-15,Sep-15,Dec-15,Mar-16,Jun-16,Sep-16,Dec-16,Mar-17,Jun-17,Sep-17,Dec-17,Mar-18,Jun-18,Sep-18,Dec-18,Mar-19,Jun-19,Sep-19,Dec-19,Mar-20,Jun-20,Sep-20,Dec-20,Mar-21,Jun-21,Sep-21,Dec-21,Mar-22,Jun-22,Sep-22,Dec-22,Mar-23,Jun-23,Sep-23,Dec-23,Mar-24,Jun-24,Sep-24,Dec-24,Mar-25,Jun-25,Sep-25,Dec-25,Mar-26
SA/CON,CON,CON,CON,CON,CON,CON,CON,CON,CON,CON,CON,CON,CON,CON,CON,CON,CON,CON,CON,CON,CON,CON,CON,CON,CON,CON,CON,CON,CON,CON,CON,CON,CON,CON,CON,CON,CON,CON,CON,CON,CON,CON,CON,CON
Gross Sales/Income from operations,1270.3,860,1111.7,1200.3,1189.3,882.9,1107.4,1282.6,1161.7,1055.1,1278.3,1471.3,1345.7,1320.8,1410.4,1530.9,1436.8,1270.9,1373.3,1430.5,1053.9,1374.8,1843.8,2082.7,1342.1,1928.5,1945.1,2557.1,2206,2086.6,2310.7,2598.3,2368.6,2308.7,2449.1,3007.9,2636.4,2273,2509.9,3027.1,2609.2,2393.9,2686.9,3527.7
Sale of Product,,860,1111.7,1200.3,1189.3,882.9,1107.4,1282.6,1161.7,1055.1,1278.3,1471.3,1345.7,1320.8,1410.4,1530.9,1436.8,1270.9,1373.3,1430.5,1053.9,1374.8,1843.8,2082.7,1342.1,1928.5,1945.1,2557.1,2206,2086.6,2310.7,2598.3,2368.6,2308.7,2449.1,3007.9,2636.4,2273,2509.9,3027.1,2609.2,2393.9,2686.9,3527.7
Less: Excise duty,0,93.9,123.2,0,0,0,0,0,0,0,0,0,0,0,0,0,0,0,0,0,0,0,0,0,0,0,0,0,0,0,0,0,0,0,0,0,0,0,0,0,0,0,0,0
Net Sales/Income from operations,1270.3,766.1,988.5,1200.3,1189.3,882.9,1107.4,1282.6,1161.7,1055.1,1278.3,1471.3,1345.7,1320.8,1410.4,1530.9,1436.8,1270.9,1373.3,1430.5,1053.9,1374.8,1843.8,2082.7,1342.1,1928.5,1945.1,2557.1,2206,2086.6,2310.7,2598.3,2368.6,2308.7,2449.1,3007.9,2636.4,2273,2509.9,3027.1,2609.2,2393.9,2686.9,3527.7
Other Operating Income,,3.2,4.2,0,0,0,0,0,0,0,0,0,0,0,0,0,0,0,0,0,0,0,0,0,0,0,0,0,0,0,0,0,0,0,0,0,0,0,0,0,0,0,0,0
Total Income from operations (net),1270.3,769.3,992.7,1200.3,1189.3,882.9,1107.4,1282.6,1161.7,1055.1,1278.3,1471.3,1345.7,1320.8,1410.4,1530.9,1436.8,1270.9,1373.3,1430.5,1053.9,1374.8,1843.8,2082.7,1342.1,1928.5,1945.1,2557.1,2206,2086.6,2310.7,2598.3,2368.6,2308.7,2449.1,3007.9,2636.4,2273,2509.9,3027.1,2609.2,2393.9,2686.9,3527.7
Total Expenses,1055.6,713.7,871.3,1022.6,1024.4,786,960.4,1083.9,1043.6,953.5,1123.3,1225.9,1202.7,1151,1280.3,1377.1,1319,1149.8,1203.9,1209.9,987.6,1171.2,1497.2,1627.9,1176.2,1674.9,1684.7,2224.5,1998.8,2004.3,2072.1,2190.1,2119,2024.4,2147.5,2594.4,2335.1,2043.7,2292.4,2702.2,2383.4,2200.8,2482.7,3025.9
Cost of Sales,820.2,494.1,637.2,768.6,820.3,600.1,755.9,878.1,834.7,739,895.5,995.7,971.2,912.3,1026.4,1115.4,1057.6,890.4,943.2,903.2,789.3,902.2,1216.4,1333.4,910.6,1377.3,1373.4,1905.3,1678.9,1668,1716.2,1802.8,1735.3,1613.8,1725.6,2112.5,1882.4,1488.6,1728.9,2133.2,1789.5,1587,1827,2355.7
Raw Material Consumed,636.3,610.7,627,679.3,751.4,637.7,702.1,814.8,765.5,745.9,825.3,829,881.4,959.6,956.6,947.2,995.7,877.7,953.3,879.4,573.2,903.1,1078.1,1209.1,997.4,1326.4,1317.5,1787.6,1558.1,1597.8,1617.5,1651.2,1688.7,1602.1,1705.2,1763.2,1776.5,1643.9,1826.9,1783.7,1920.1,1711.3,1821.6,2101
Purchase of Finished Goods,48.2,22.5,14.9,15.7,32.7,21.2,27,26.7,13.1,18.9,11.1,42,11.4,16.7,7.3,49,11.9,14.3,9.3,12,7.7,39.3,49.4,32.2,29.2,30.8,38.8,37.7,32.5,37.4,27.2,31.7,31,31.6,22.4,20,17,23.4,30.3,64.9,36.2,43.1,43.1,49.9
"Changes in inventories of finished goods, work-in-progress and stock-in-trade",135.7,-139.1,-4.6,73.6,-6.9,-96.3,-14.5,-4.2,15.4,-67.2,12.4,76.9,29.5,-113,9.6,64.8,-4.9,-53.5,-73.5,-43.3,173.5,-93.8,33.5,37.3,-160.4,-36.5,-33.9,18.6,31.8,-33,1.6,45.5,-63.7,-98.1,-87.1,243,2.3,-178.7,-128.2,284.6,-166.8,-167.4,-37.7,204.8
"Power, Oil & Fuel",36.3,0,0,0,43,37.5,41.3,40.9,40.8,41.4,46.7,47.7,48.9,49.1,53,54.5,54.9,51.9,54.1,55.1,34.9,53.5,55.4,54.8,44.4,56.6,51,61.5,56.5,65.9,69.9,74.5,79.3,78.1,85.1,86.3,0,0,0,0,0,0,0,0
Other Direct Cost/Service Cost,111,0,0,0,0,0,0,0,0,0,0,0,0,0,0,0,0,0,0,0,0,0,0,0,0,0,0,0,0,0,0,0,0,0,0,0,0,0,0,0,0,0,0,0
Employee Cost,52.7,42.2,44.7,61.7,50.5,50,53.3,57.8,53.7,57.9,59.8,70.5,60,59.8,62.8,72,65.5,68.5,68.5,74,63.3,72.7,81.3,93.1,80.3,86.6,88,90.4,91,88.2,95.9,99.7,103.2,105.9,109.8,123.3,121.3,119.8,115.2,131,134.9,134.6,155.8,155.9
"Depreciation, amortization and depletion expense",35.5,33.5,33.6,37.5,37,37.4,38.7,41.2,40.6,42.4,42.8,41.4,42.7,47.3,45.5,48.1,49.5,51.7,51.5,52.9,50.8,52.3,54.9,54.8,56.1,57.1,57.5,58.8,61.7,64.9,64.8,72.1,72.1,71.9,77.2,77.2,86,89.9,91.3,91.4,93,104.4,109.5,121.4
Provisions & Write Offs,0,0,0,0,0,0,0,0,0,0,0,0,0,0,0,0,0,0,0,0,0,0,0,0,0,0,0,0,0,0,0,0,0,0,0,0,0,0,0,0,0,0,0,0
Administrative and Selling Expenses,,0,0,0,0,0,0,0,0,0,0,0,0,0,0,0,0,0,0,0,0,0,0,0,0,0,0,0,0,0,0,0,0,0,0,0,0,0,0,0,0,0,0,0
Other Expenses,,143.9,155.8,154.8,116.6,98.5,112.5,106.7,114.6,114.2,125.3,118.3,128.8,131.6,145.5,141.5,146.4,139.3,140.7,179.8,84.2,144.1,144.6,146.5,129.2,153.9,165.8,169.9,167.2,183.2,195.3,215.5,208.5,232.8,234.9,281.5,332,345.3,356.9,346.6,366,374.9,390.3,392.9
Other Expenses,,143.9,155.8,154.8,116.6,98.5,112.5,106.7,114.6,114.2,125.3,118.3,128.8,131.6,145.5,141.5,146.4,139.3,140.7,179.8,84.2,144.1,144.6,146.5,129.2,153.9,165.8,169.9,167.2,183.2,195.3,215.5,208.5,232.8,234.9,281.5,332,345.3,356.9,346.6,366,374.9,390.3,392.9
"Profit from operations before other income, finance costs and exceptional items",214.7,55.7,121.4,177.7,165,96.9,147,198.8,118.1,101.5,155,245.4,143,169.9,130.2,153.9,117.8,121.1,169.4,220.6,66.3,203.6,346.6,454.9,165.9,253.7,260.4,332.6,207.2,82.3,238.6,408.2,249.5,284.3,301.6,413.5,301.3,229.3,217.5,324.9,225.9,193.1,204.3,501.7
Other Income,0.9,1.5,0.4,-1,0.6,1.6,0.4,2.6,0.4,0.1,0.5,3.7,0.2,0.4,6.9,3.1,0,0.5,0.8,0.1,2,3,3.7,8.2,4.3,4.1,2.9,8.6,4.6,5.5,8.3,11.4,14.2,12.7,20.7,18.1,21.4,15.1,8.9,12.5,16.9,15.5,3.8,8.6
Other Miscellaneous Income,0.9,1.5,0.4,-1,0.6,1.6,0.4,2.6,0.4,0.1,0.5,3.7,0.2,0.4,6.9,3.1,0,0.5,0.8,0.1,2,3,3.7,8.2,4.3,4.1,2.9,8.6,4.6,5.5,8.3,11.4,14.2,12.7,20.7,18.1,21.4,15.1,8.9,12.5,16.9,15.5,3.8,8.6
Profit from ordinary activities before finance costs and exceptional items,215.6,57.2,121.8,176.7,165.6,98.4,147.4,201.3,118.5,101.6,155.5,249.1,143.2,170.3,137.1,156.9,117.8,121.6,170.2,220.6,68.3,206.6,350.3,463.1,170.2,257.8,263.4,341.2,211.8,87.8,246.9,419.6,263.7,297,322.3,431.6,322.7,244.3,226.4,337.4,242.8,208.6,208.1,510.3
Finance Costs,10.9,12.1,7.3,7.9,9.7,8.6,8.5,3.4,3.3,5.2,7.9,5.6,3.5,10,4.7,6.4,3.3,7.1,5.7,4.2,9.5,5.4,2.2,5,2.1,0.7,0.5,1.9,1.6,1.2,1.2,4,1.7,1.6,5.2,7.7,3.3,2.6,3,3,2.8,5.8,11.4,9
Other Interest Expenses,,12.1,7.3,7.9,9.7,8.6,8.5,3.4,3.3,5.2,7.9,5.6,3.5,10,4.7,6.4,3.3,7.1,5.7,4.2,9.5,5.4,2.2,5,2.1,0.7,0.5,1.9,1.6,1.2,1.2,4,1.7,1.6,5.2,7.7,3.3,2.6,3,3,2.8,5.8,11.4,9
Profit from ordinary activities after finance costs but before exceptional items,204.7,45.1,114.6,168.8,155.9,89.8,138.9,197.9,115.2,96.5,147.6,243.5,139.7,160.3,132.4,150.5,114.6,114.5,164.5,216.4,58.8,201.1,348.1,458.1,168.1,257.1,262.9,339.3,210.2,86.6,245.7,415.6,262.1,295.5,317.2,423.9,319.4,241.7,223.5,334.4,240,202.8,196.7,501.3
Share of Profits / Loss of Associated Companies Before Tax,,0,0,0,0,0,0,0,0,0,8.4,12.2,6,2.5,-5.2,11.1,12.5,11,0.8,7,-3.6,26.5,52.8,70.3,45,39.1,50.7,69.6,58,18.6,27.6,49.1,21.3,24,20.8,40.7,37.5,27.8,22,32.8,25.2,14.9,9.4,51.7
Exceptional Items,,0,0,-7.7,0,0,0,0,0,0,0,0,55.9,0,0,11.3,0,0,0,0,0,0,0,0,0,0,0,0,0,0,0,0,0,0,0,0,0,0,0,0,0,0,0,0
Total Exceptional Income,,0,0,0,0,0,0,0,0,0,0,0,55.9,0,0,11.3,0,0,0,0,0,0,0,0,0,0,0,0,0,0,0,0,0,0,0,0,0,0,0,0,0,0,0,0
Gain on Sale of Assets,,0,0,0,0,0,0,0,0,0,0,0,55.9,0,0,0,0,0,0,0,0,0,0,0,0,0,0,0,0,0,0,0,0,0,0,0,0,0,0,0,0,0,0,0
Other Incomes,,0,0,0,0,0,0,0,0,0,0,0,0,0,0,11.3,0,0,0,0,0,0,0,0,0,0,0,0,0,0,0,0,0,0,0,0,0,0,0,0,0,0,0,0
Total Exceptional Expenses,,0,0,-7.7,0,0,0,0,0,0,0,0,0,0,0,0,0,0,0,0,0,0,0,0,0,0,0,0,0,0,0,0,0,0,0,0,0,0,0,0,0,0,0,0
Other Expenses,,0,0,-7.7,0,0,0,0,0,0,0,0,0,0,0,0,0,0,0,0,0,0,0,0,0,0,0,0,0,0,0,0,0,0,0,0,0,0,0,0,0,0,0,0
Profit from ordinary activities before tax,204.7,45.1,114.6,161.1,155.9,89.8,138.9,197.9,115.2,96.5,156,255.7,201.5,162.8,127.1,172.9,127.1,125.5,165.3,223.4,55.2,227.7,400.9,528.5,213.1,296.2,313.5,408.9,268.2,105.2,273.3,464.7,283.4,319.5,338,464.6,356.9,269.5,245.4,367.2,265.2,217.6,206.1,553
Total Tax,71.5,16.9,38.3,62.6,53.7,31.6,48.2,72.3,39.9,36.7,51.8,77.4,65.2,55.5,46.2,48.9,40,-14,41.9,106.1,14.6,52.7,88.6,78.1,43,67.5,67.8,85.1,54.3,23.1,63.3,105.2,67.8,76.3,81.8,109.7,83.6,62.9,58.4,73.2,62.9,52.9,52.7,119.5
Tax,89.2,16.9,38.3,62.6,50.8,29.9,45.5,68.7,40.3,30.5,52.5,85.2,65.2,57.7,46.2,48.9,40,-14,41.9,106.1,14.6,52.7,88.6,78.1,43,67.5,67.8,85.1,54.3,23.1,63.3,105.2,67.8,76.3,81.8,109.7,83.6,62.9,58.4,73.2,62.9,52.9,52.7,119.5
Current Year Tax,,16.9,38.3,62.6,50.8,29.9,45.5,68.7,40.3,30.5,52.5,85.2,65.2,57.7,46.2,48.9,40,-14,41.9,106.1,14.6,52.7,88.6,78.1,43,67.5,67.8,85.1,54.3,23.1,63.3,105.2,67.8,76.3,81.8,109.7,83.6,62.9,58.4,73.2,62.9,52.9,52.7,119.5
Deferred Tax,-17.6,0,0,0,2.9,1.6,2.6,3.7,-0.4,6.2,-0.7,-7.9,0,-2.2,0,0,0,0,0,0,0,0,0,0,0,0,0,0,0,0,0,0,0,0,0,0,0,0,0,0,0,0,0,0
Deferred Tax Current,,0,0,0,2.9,1.6,2.6,3.7,-0.4,6.2,-0.7,-7.9,0,-2.2,0,0,0,0,0,0,0,0,0,0,0,0,0,0,0,0,0,0,0,0,0,0,0,0,0,0,0,0,0,0
Net profit from Ordinary Activities After Tax,133.1,28.2,76.3,98.5,102.2,58.2,90.8,125.6,75.3,59.8,104.2,178.3,136.4,107.3,81,124.1,87.1,139.6,123.4,117.3,40.5,175,312.3,450.4,170.2,228.7,245.7,323.9,213.9,82,210,359.4,215.5,243.2,256.2,354.8,273.4,206.6,187,293.9,202.3,164.7,153.4,433.6
Net profit from Ordinary Activities/Discontinued Operations After Tax,,28.2,76.3,98.5,102.2,58.2,90.8,125.6,75.3,59.8,104.2,178.3,136.4,107.3,81,124.1,87.1,139.6,123.4,117.3,40.5,175,312.3,450.4,170.2,228.7,245.7,323.9,213.9,82,210,359.4,215.5,243.2,256.2,354.8,273.4,206.6,187,293.9,202.3,164.7,153.4,433.6
Extraordinary items,,0,0,0,0,0,0,0,0,0,0,0,0,0,0,0,0,0,0,0,0,0,0,0,0,0,0,0,0,0,0,0,0,0,0,0,0,0,0,0,0,0,0,0
Total Extraordinary Income,,0,0,0,0,0,0,0,0,0,0,0,0,0,0,0,0,0,0,0,0,0,0,0,0,0,0,0,0,0,0,0,0,0,0,0,0,0,0,0,0,0,0,0
Total Extraordinary Expenses,,0,0,0,0,0,0,0,0,0,0,0,0,0,0,0,0,0,0,0,0,0,0,0,0,0,0,0,0,0,0,0,0,0,0,0,0,0,0,0,0,0,0,0
Net Profit after tax for the Period,140.8,28.2,76.3,98.5,102.2,58.2,90.8,125.6,75.3,59.8,104.2,178.3,136.4,107.3,81,124.1,87.1,139.6,123.4,117.3,40.5,175,312.3,450.4,170.2,228.7,245.7,323.9,213.9,82,210,359.4,215.5,243.2,256.2,354.8,273.4,206.6,187,293.9,202.3,164.7,153.4,433.6
Share of Profits / Loss of Associated Companies After Tax,,-7.5,7.6,16.3,13.7,8.6,10.6,20.9,3.1,11,0,0,0,0,0,0,0,0,0,0,0,0,0,0,0,0,0,0,0,0,0,0,0,0,0,0,0,0,0,0,0,0,0,0
"Net Profit after taxes, minority interest and share of Profit/(Loss) of associates",159.8,20.7,83.9,114.8,115.8,66.8,101.4,146.4,78.4,70.8,104.2,178.3,136.4,107.3,81,124.1,87.1,139.6,123.4,117.3,40.5,175,312.3,450.4,170.2,228.7,245.7,323.9,213.9,82,210,359.4,215.5,243.2,256.2,354.8,273.4,206.6,187,293.9,202.3,164.7,153.4,433.6
Owners of the Company,,,,,,,,,,70.8,104.2,0,0,107.3,81,124.1,87.1,139.6,123.4,117.3,,,,,170.2,228.7,245.7,323.9,213.9,82,210,359.4,215.5,243.2,256.2,354.8,273.4,206.6,187,293.9,202.3,164.7,153.4,433.6
Non-Controlling Interest,,,,,,,,,,0,0,0,0,0,0,0,0,0,0,0,40.5,175,312.3,450.4,0,0,0,0,0,0,0,0,0,0,0,0,0,0,0,0,0,0,0,0
Other Comprehensive Income,,0,0,0,0,0,-0.6,-0.5,-0.5,-0.5,-0.5,0.9,-0.2,-0.2,-0.1,-1.8,-0.6,-0.8,-0.7,-2.4,-0.6,-0.6,-0.6,0.3,-0.3,-0.3,-0.3,-0.2,-0.2,-0.2,-0.2,-2.2,-0.7,-0.7,-0.8,-5.1,-1.8,-1.5,-1.7,2.3,-0.7,-0.6,-0.8,1.4
Owners of the Company,,,,,,,,,,0,-0.5,0,0,-0.2,-0.1,-1.8,-0.6,-0.8,-0.7,-2.4,0,0,0,0,-0.3,-0.3,-0.3,-0.2,-0.2,-0.2,-0.2,-2.2,-0.7,-0.7,-0.8,-5.1,-1.8,-1.5,-1.7,2.3,-0.7,-0.6,-0.8,1.4
Non-Controlling Interest,,,,,,,,,,0,0,0,0,0,0,0,0,0,0,0,-0.6,-0.6,-0.6,0.3,0,0,0,0,0,0,0,0,0,0,0,0,0,0,0,0,0,0,0,0
Total Comprehensive Income,,0,0,0,0,0,100.8,145.9,77.8,70.3,103.7,179.2,136.2,107.1,80.9,122.2,86.5,138.8,122.7,114.9,39.9,174.3,311.7,450.7,169.8,228.4,245.4,323.7,213.6,81.8,209.8,357.2,214.8,242.5,255.4,349.7,271.5,205.1,185.3,296.2,201.6,164.1,152.6,435
Owners of the Company,,,,,,,,,,70.3,103.7,0,0,107.1,80.9,122.2,86.5,138.8,122.7,114.9,0,0,0,0,169.8,228.4,245.4,323.7,213.6,81.8,209.8,357.2,214.8,242.5,255.4,349.7,271.5,205.1,185.3,296.2,201.6,164.1,152.6,435
Non-Controlling Interest,,,,,,,,,,0,0,0,0,0,0,0,0,0,0,0,39.9,174.3,311.7,450.7,0,0,0,0,0,0,0,0,0,0,0,0,0,0,0,0,0,0,0,0
Equity,,25.4,25.4,25.4,25.4,25.4,25.4,25.4,25.4,25.4,25.4,25.4,25.4,25.4,25.4,25.4,25.4,25.4,25.4,25.4,25.4,25.4,25.4,25.4,25.4,25.4,25.4,25.4,25.4,25.4,25.4,25.4,25.4,25.4,25.4,25.4,25.4,25.4,25.4,25.4,25.4,25.4,25.4,25.4
Face Value,,2,2,2,2,2,2,2,2,2,2,2,2,2,2,2,2,2,2,2,2,2,2,2,2,2,2,2,2,2,2,2,2,2,2,2,2,2,2,2,2,2,2,2
EPS before Exceptional/Extraordinary items-Basic,11.1,1.6,6.6,9.6,9.1,5.3,8,11.5,6.2,5.6,8.2,14,7.6,8.5,6.4,8.2,6.9,11,9.7,9.2,3.2,13.8,24.6,35.5,13.4,18,19.3,25.5,16.8,6.5,16.5,28.3,17,19.1,20.2,27.9,21.5,16.3,14.7,23.1,15.9,13,12.1,34.1
EPS before Exceptional/Extraordinary items-Diluted,,1.6,6.6,9.6,9.1,5.3,8,11.5,6.2,5.6,8.2,14,7.6,8.5,6.4,8.2,6.9,11,9.7,9.2,3.2,13.8,24.6,35.5,13.4,18,19.3,25.5,16.8,6.5,16.5,28.3,17,19.1,20.2,27.9,21.5,16.3,14.7,23.1,15.9,13,12.1,34.1
EPS after Exceptional/Extraordinary items-Basic,,1.6,9.3,9,9.1,5.3,8,11.5,6.2,5.6,8.2,14,10.7,8.5,6.4,9.1,6.9,11,9.7,9.2,3.2,13.8,24.6,35.5,13.4,18,19.3,25.5,16.8,6.5,16.5,28.3,17,19.1,20.2,27.9,21.5,16.3,14.7,23.1,15.9,13,12.1,34.1
EPS after Exceptional/Extraordinary items-Diluted,,1.6,9.3,9,9.1,5.3,8,11.5,6.2,5.6,8.2,14,10.7,8.5,6.4,9.1,6.9,11,9.7,9.2,3.2,13.8,24.6,35.5,13.4,18,19.3,25.5,16.8,6.5,16.5,28.3,17,19.1,20.2,27.9,21.5,16.3,14.7,23.1,15.9,13,12.1,34.1
Dividend Per Share(Rs.),,0,2.5,0,0,3,0,0,0,3,0,0,0,4,0,0,0,4,0,0,0,5,0,0,0,6,0,6,0,6,0,0,0,8,0,0,0,10,0,0,0,11,0,0
Dividend (%),,0,125,0,0,150,0,0,0,150,0,0,0,200,0,0,0,200,0,0,0,250,0,0,0,300,0,300,0,300,0,0,0,400,0,0,0,500,0,0,0,550,0,0
